Timestamp,Accel,Gyr,Label,Sep
13:05:36.695860,"['Average sensor values-1234', ' -922', ' 1398', ' 9', ' 32', ' 15', ' -1398', ' -1115', ' 1043']","[' -1', ' 20', ' 8', ' 1601', ' -1150', ' 832', ' 0', ' 12', ' 11']",pinch2finger,False
13:05:36.780175,"['-1258', ' -896', ' 1378', ' 9', ' 32', ' 15', ' -1393', ' -1124', ' 1057']","[' -1', ' 20', ' 8', ' 1568', ' -1146', ' 840', ' 0', ' 12', ' 11']",pinch2finger,False
13:05:36.781178,"['-1229', ' -856', ' 1401', ' 9', ' 32', ' 15', ' -1402', ' -1113', ' 1055']","[' -4', ' 18', ' 4', ' 1550', ' -1151', ' 860', ' 0', ' 12', ' 11']",pinch2finger,False
13:05:36.782176,"['-1227', ' -860', ' 1380', ' 9', ' 32', ' 15', ' -1386', ' -1109', ' 1036']","[' -4', ' 18', ' 4', ' 1545', ' -1123', ' 854', ' 0', ' 12', ' 11']",pinch2finger,False
13:05:36.784169,"['-1242', ' -875', ' 1356', ' 9', ' 32', ' 15', ' -1382', ' -1140', ' 1047']","[' -4', ' 18', ' 4', ' 1573', ' -1118', ' 846', ' 0', ' 12', ' 11']",pinch2finger,False
13:05:36.785168,"['-1243', ' -921', ' 1387', ' -3', ' 18', ' 5', ' -1381', ' -1132', ' 1047']","[' -4', ' 18', ' 4', ' 1591', ' -1110', ' 835', ' 0', ' 12', ' 11']",pinch2finger,False
13:05:36.786166,"['-1249', ' -896', ' 1385', ' -3', ' 18', ' 5', ' -1365', ' -1136', ' 1026']","[' -4', ' 18', ' 4', ' 1582', ' -1121', ' 824', ' 0', ' 12', ' 11']",pinch2finger,False
13:05:36.787161,"['-1250', ' -900', ' 1382', ' -3', ' 18', ' 5', ' -1409', ' -1128', ' 1040']","[' -4', ' 18', ' 4', ' 1560', ' -1143', ' 856', ' 0', ' 12', ' 11']",pinch2finger,False
13:05:36.788159,"['-1233', ' -916', ' 1391', ' -3', ' 18', ' 5', ' -1400', ' -1135', ' 1041']","[' -4', ' 18', ' 4', ' 1566', ' -1155', ' 841', ' 0', ' 12', ' 11']",pinch2finger,False
13:05:36.789157,"['-1251', ' -915', ' 1361', ' -3', ' 18', ' 5', ' -1395', ' -1149', ' 1028']","[' -4', ' 18', ' 4', ' 1570', ' -1151', ' 849', ' 0', ' 6', ' 1']",pinch2finger,False
13:05:36.791158,"['-1268', ' -886', ' 1382', ' -3', ' 18', ' 5', ' -1381', ' -1134', ' 1043']","[' -4', ' 18', ' 4', ' 1578', ' -1120', ' 850', ' 0', ' 6', ' 1']",pinch2finger,False
13:05:36.792152,"['-1255', ' -909', ' 1379', ' -3', ' 18', ' 5', ' -1404', ' -1124', ' 1038']","[' -4', ' 18', ' 4', ' 1587', ' -1098', ' 843', ' 0', ' 6', ' 1']",pinch2finger,False
13:05:36.793152,"['-1249', ' -911', ' 1388', ' -3', ' 18', ' 5', ' -1397', ' -1137', ' 1027']","[' -4', ' 18', ' 4', ' 1606', ' -1113', ' 840', ' 0', ' 6', ' 1']",pinch2finger,False
13:05:36.795150,"['-1249', ' -918', ' 1386', ' -3', ' 18', ' 5', ' -1384', ' -1138', ' 1045']","[' -4', ' 18', ' 4', ' 1583', ' -1124', ' 842', ' 0', ' 6', ' 1']",pinch2finger,False
13:05:36.796147,"['-1207', ' -934', ' 1390', ' -3', ' 18', ' 5', ' -1386', ' -1147', ' 1048']","[' -4', ' 18', ' 4', ' 1571', ' -1141', ' 843', ' 0', ' 6', ' 1']",pinch2finger,False
13:05:36.797144,"['-1227', ' -899', ' 1406', ' -3', ' 18', ' 5', ' -1366', ' -1128', ' 1046']","[' -4', ' 18', ' 4', ' 1580', ' -1152', ' 859', ' 0', ' 6', ' 1']",pinch2finger,False
13:05:36.799137,"['-1248', ' -880', ' 1388', ' -3', ' 18', ' 5', ' -1382', ' -1127', ' 1051']","[' -5', ' 5', ' -6', ' 1591', ' -1147', ' 835', ' 0', ' 6', ' 1']",pinch2finger,False
13:05:36.800175,"['-1243', ' -886', ' 1398', ' -3', ' 18', ' 5', ' -1393', ' -1135', ' 1037']","[' -5', ' 5', ' -6', ' 1574', ' -1137', ' 848', ' 0', ' 6', ' 1']",pinch2finger,False
13:05:36.801165,"['-1217', ' -928', ' 1398', ' -14', ' -4', ' -6', ' -1375', ' -1138', ' 1031']","[' -5', ' 5', ' -6', ' 1564', ' -1154', ' 846', ' 0', ' 6', ' 1']",pinch2finger,False
13:05:36.803167,"['-1220', ' -934', ' 1397', ' -14', ' -4', ' -6', ' -1379', ' -1132', ' 1045']","[' -5', ' 5', ' -6', ' 1587', ' -1128', ' 824', ' 0', ' 6', ' 1']",pinch2finger,False
13:05:36.804164,"['-1238', ' -902', ' 1394', ' -14', ' -4', ' -6', ' -1389', ' -1106', ' 1037']","[' -5', ' 5', ' -6', ' 1611', ' -1152', ' 818', ' 0', ' 6', ' 1']",pinch2finger,False
13:05:36.805164,"['-1233', ' -885', ' 1379', ' -14', ' -4', ' -6', ' -1384', ' -1124', ' 1045']","[' -5', ' 5', ' -6', ' 1577', ' -1138', ' 836', ' 0', ' 6', ' 1']",pinch2finger,False
13:05:36.807156,"['-1248', ' -918', ' 1376', ' -14', ' -4', ' -6', ' -1361', ' -1128', ' 1033']","[' -5', ' 5', ' -6', ' 1584', ' -1155', ' 833', ' 0', ' 6', ' 1']",pinch2finger,False
13:05:36.808153,"['-1271', ' -939', ' 1398', ' -14', ' -4', ' -6', ' -1404', ' -1147', ' 1036']","[' -5', ' 5', ' -6', ' 1581', ' -1159', ' 826', ' 6', ' 4', ' -5']",pinch2finger,False
13:05:36.809161,"['-1266', ' -830', ' 1355', ' -14', ' -4', ' -6', ' -1421', ' -1111', ' 1046']","[' -5', ' 5', ' -6', ' 1587', ' -1152', ' 840', ' 6', ' 4', ' -5']",pinch2finger,False
13:05:36.810147,"['-1194', ' -903', ' 1379', ' -14', ' -4', ' -6', ' -1351', ' -1164', ' 1059']","[' -5', ' 5', ' -6', ' 1550', ' -1117', ' 852', ' 6', ' 4', ' -5']",pinch2finger,False
13:05:36.812142,"['-1169', ' -974', ' 1435', ' -14', ' -4', ' -6', ' -1341', ' -1155', ' 1058']","[' -5', ' 5', ' -6', ' 1551', ' -1155', ' 833', ' 6', ' 4', ' -5']",pinch2finger,False
13:05:36.813142,"['-1302', ' -901', ' 1364', ' -14', ' -4', ' -6', ' -1401', ' -1120', ' 1043']","[' -5', ' 5', ' -6', ' 1584', ' -1171', ' 829', ' 6', ' 4', ' -5']",pinch2finger,False
13:05:36.814682,"['-1332', ' -866', ' 1328', ' -14', ' -4', ' -6', ' -1446', ' -1107', ' 1039']","[' -5', ' 5', ' -6', ' 1595', ' -1146', ' 841', ' 6', ' 4', ' -5']",pinch2finger,False
13:05:36.815719,"['-1239', ' -908', ' 1370', ' -14', ' -4', ' -6', ' -1430', ' -1115', ' 1019']","[' -7', ' 5', ' -8', ' 1561', ' -1155', ' 851', ' 6', ' 4', ' -5']",pinch2finger,False
13:05:36.816716,"['-1315', ' -872', ' 1369', ' -14', ' -4', ' -6', ' -1404', ' -1120', ' 1048']","[' -7', ' 5', ' -8', ' 1582', ' -1143', ' 854', ' 6', ' 4', ' -5']",pinch2finger,False
13:05:36.818718,"['-1314', ' -881', ' 1373', ' -14', ' -4', ' -6', ' -1409', ' -1112', ' 1042']","[' -7', ' 5', ' -8', ' 1582', ' -1151', ' 845', ' 6', ' 4', ' -5']",pinch2finger,False
13:05:36.819709,"['-1231', ' -907', ' 1400', ' -9', ' 0', ' 0', ' -1350', ' -1138', ' 1052']","[' -7', ' 5', ' -8', ' 1595', ' -1118', ' 836', ' 6', ' 4', ' -5']",pinch2finger,False
13:05:36.820706,"['-1218', ' -918', ' 1399', ' -9', ' 0', ' 0', ' -1390', ' -1127', ' 1055']","[' -7', ' 5', ' -8', ' 1600', ' -1132', ' 823', ' 6', ' 4', ' -5']",pinch2finger,False
13:05:36.822701,"['-1208', ' -905', ' 1385', ' -9', ' 0', ' 0', ' -1384', ' -1127', ' 1040']","[' -7', ' 5', ' -8', ' 1590', ' -1135', ' 836', ' 6', ' 4', ' -5']",pinch2finger,False
13:05:36.823697,"['-1197', ' -905', ' 1396', ' -9', ' 0', ' 0', ' -1358', ' -1137', ' 1037']","[' -7', ' 5', ' -8', ' 1579', ' -1153', ' 838', ' 6', ' 4', ' -5']",pinch2finger,False
13:05:36.824695,"['-1238', ' -916', ' 1382', ' -9', ' 0', ' 0', ' -1374', ' -1122', ' 1037']","[' -7', ' 5', ' -8', ' 1560', ' -1160', ' 837', ' 9', ' 8', ' 2']",pinch2finger,False
13:05:36.825693,"['-1251', ' -908', ' 1379', ' -9', ' 0', ' 0', ' -1387', ' -1138', ' 1041']","[' -7', ' 5', ' -8', ' 1589', ' -1152', ' 849', ' 9', ' 8', ' 2']",pinch2finger,False
13:05:36.827687,"['-1234', ' -900', ' 1370', ' -9', ' 0', ' 0', ' -1371', ' -1135', ' 1027']","[' -7', ' 5', ' -8', ' 1599', ' -1134', ' 828', ' 9', ' 8', ' 2']",pinch2finger,False
13:05:36.828683,"['-1249', ' -908', ' 1382', ' -9', ' 0', ' 0', ' -1370', ' -1138', ' 1040']","[' -7', ' 5', ' -8', ' 1611', ' -1118', ' 843', ' 9', ' 8', ' 2']",pinch2finger,False
13:05:36.829683,"['-1224', ' -880', ' 1390', ' -9', ' 0', ' 0', ' -1395', ' -1133', ' 1015']","[' -7', ' 5', ' -8', ' 1575', ' -1148', ' 844', ' 9', ' 8', ' 2']",pinch2finger,False
13:05:36.830678,"['-1264', ' -917', ' 1373', ' -9', ' 0', ' 0', ' -1393', ' -1136', ' 1039']","[' -7', ' 5', ' -8', ' 1553', ' -1163', ' 847', ' 9', ' 8', ' 2']",pinch2finger,False
13:05:36.832673,"['-1242', ' -893', ' 1391', ' -9', ' 0', ' 0', ' -1351', ' -1130', ' 1054']","[' -7', ' 5', ' -8', ' 1568', ' -1149', ' 835', ' 9', ' 8', ' 2']",pinch2finger,False
13:05:36.833670,"['-1273', ' -848', ' 1357', ' -9', ' 0', ' 0', ' -1429', ' -1113', ' 1023']","[' -7', ' 12', ' -4', ' 1543', ' -1140', ' 860', ' 9', ' 8', ' 2']",pinch2finger,False
13:05:36.834675,"['-1271', ' -909', ' 1399', ' -9', ' 0', ' 0', ' -1373', ' -1142', ' 1036']","[' -7', ' 12', ' -4', ' 1608', ' -1149', ' 832', ' 9', ' 8', ' 2']",pinch2finger,False
13:05:36.835665,"['-1246', ' -938', ' 1391', ' 1', ' 12', ' 8', ' -1410', ' -1134', ' 1041']","[' -7', ' 12', ' -4', ' 1578', ' -1155', ' 848', ' 9', ' 8', ' 2']",pinch2finger,False
13:05:36.837662,"['-1301', ' -900', ' 1368', ' 1', ' 12', ' 8', ' -1390', ' -1159', ' 1035']","[' -7', ' 12', ' -4', ' 1607', ' -1163', ' 842', ' 9', ' 8', ' 2']",pinch2finger,False
13:05:36.838657,"['-1257', ' -902', ' 1356', ' 1', ' 12', ' 8', ' -1388', ' -1112', ' 1051']","[' -7', ' 12', ' -4', ' 1542', ' -1149', ' 860', ' 9', ' 8', ' 2']",pinch2finger,False
13:05:36.839654,"['-1216', ' -930', ' 1390', ' 1', ' 12', ' 8', ' -1373', ' -1127', ' 1045']","[' -7', ' 12', ' -4', ' 1541', ' -1123', ' 862', ' 9', ' 8', ' 2']",pinch2finger,False
13:05:36.840652,"['-1242', ' -916', ' 1397', ' 1', ' 12', ' 8', ' -1365', ' -1140', ' 1033']","[' -7', ' 12', ' -4', ' 1555', ' -1138', ' 832', ' 2', ' 12', ' 9']",pinch2finger,False
13:05:36.842646,"['-1245', ' -897', ' 1383', ' 1', ' 12', ' 8', ' -1389', ' -1151', ' 1040']","[' -7', ' 12', ' -4', ' 1583', ' -1165', ' 819', ' 2', ' 12', ' 9']",pinch2finger,False
13:05:36.843644,"['-1226', ' -923', ' 1385', ' 1', ' 12', ' 8', ' -1396', ' -1118', ' 1046']","[' -7', ' 12', ' -4', ' 1567', ' -1161', ' 846', ' 2', ' 12', ' 9']",pinch2finger,False
13:05:36.844644,"['-1275', ' -935', ' 1366', ' 1', ' 12', ' 8', ' -1414', ' -1137', ' 1029']","[' -7', ' 12', ' -4', ' 1586', ' -1149', ' 830', ' 2', ' 12', ' 9']",pinch2finger,False
13:05:36.847596,"['-1256', ' -914', ' 1375', ' 1', ' 12', ' 8', ' -1413', ' -1121', ' 1034']","[' -7', ' 12', ' -4', ' 1567', ' -1165', ' 844', ' 2', ' 12', ' 9']",pinch2finger,False
13:05:36.849616,"['-1289', ' -890', ' 1370', ' 1', ' 12', ' 8', ' -1382', ' -1152', ' 1041']","[' -7', ' 12', ' -4', ' 1582', ' -1126', ' 837', ' 2', ' 12', ' 9']",pinch2finger,False
13:05:36.852619,"['-1240', ' -921', ' 1360', ' 1', ' 12', ' 8', ' -1369', ' -1121', ' 1033']","[' -7', ' 12', ' -4', ' 1566', ' -1159', ' 846', ' 2', ' 12', ' 9']",pinch2finger,False
13:05:36.855574,"['-1254', ' -919', ' 1362', ' 1', ' 12', ' 8', ' -1389', ' -1124', ' 1038']","[' -6', ' 13', ' -4', ' 1572', ' -1149', ' 843', ' 2', ' 12', ' 9']",pinch2finger,False
13:05:36.858566,"['-1263', ' -903', ' 1383', ' 1', ' 12', ' 8', ' -1390', ' -1153', ' 1033']","[' -6', ' 13', ' -4', ' 1588', ' -1133', ' 828', ' 2', ' 12', ' 9']",pinch2finger,False
13:05:36.861558,"['-1261', ' -885', ' 1375', ' 1', ' 12', ' 8', ' -1406', ' -1119', ' 1027']","[' -6', ' 13', ' -4', ' 1568', ' -1136', ' 850', ' 2', ' 12', ' 9']",pinch2finger,False
13:05:36.864550,"['-1283', ' -909', ' 1388', ' 5', ' 12', ' 9', ' -1423', ' -1114', ' 1026']","[' -6', ' 13', ' -4', ' 1578', ' -1164', ' 843', ' 2', ' 12', ' 9']",pinch2finger,False
13:05:36.867542,"['-1288', ' -903', ' 1377', ' 5', ' 12', ' 9', ' -1411', ' -1132', ' 1038']","[' -6', ' 13', ' -4', ' 1568', ' -1142', ' 849', ' 2', ' 12', ' 9']",pinch2finger,False
13:05:36.870534,"['-1244', ' -895', ' 1380', ' 5', ' 12', ' 9', ' -1384', ' -1143', ' 1040']","[' -6', ' 13', ' -4', ' 1558', ' -1146', ' 848', ' 2', ' 12', ' 9']",pinch2finger,False
13:05:36.873526,"['-1257', ' -894', ' 1395', ' 5', ' 12', ' 9', ' -1387', ' -1145', ' 1039']","[' -6', ' 13', ' -4', ' 1572', ' -1128', ' 842', ' 2', ' 12', ' 9']",pinch2finger,False
13:05:36.876518,"['-1260', ' -881', ' 1385', ' 5', ' 12', ' 9', ' -1399', ' -1148', ' 1027']","[' -6', ' 13', ' -4', ' 1589', ' -1146', ' 840', ' 0', ' 16', ' 11']",pinch2finger,False
13:05:36.879510,"['-1247', ' -905', ' 1395', ' 5', ' 12', ' 9', ' -1396', ' -1120', ' 1044']","[' -6', ' 13', ' -4', ' 1572', ' -1149', ' 850', ' 0', ' 16', ' 11']",pinch2finger,False
13:05:36.882502,"['-1252', ' -891', ' 1389', ' 5', ' 12', ' 9', ' -1387', ' -1151', ' 1032']","[' -6', ' 13', ' -4', ' 1574', ' -1134', ' 848', ' 0', ' 16', ' 11']",pinch2finger,False
13:05:36.885494,"['-1244', ' -887', ' 1376', ' 5', ' 12', ' 9', ' -1401', ' -1141', ' 1056']","[' -6', ' 13', ' -4', ' 1573', ' -1119', ' 838', ' 0', ' 16', ' 11']",pinch2finger,False
13:05:36.888486,"['-1257', ' -883', ' 1372', ' 5', ' 12', ' 9', ' -1386', ' -1121', ' 1026']","[' -6', ' 13', ' -4', ' 1566', ' -1139', ' 840', ' 0', ' 16', ' 11']",pinch2finger,False
13:05:36.891478,"['-1257', ' -887', ' 1364', ' 5', ' 12', ' 9', ' -1392', ' -1127', ' 1045']","[' -6', ' 13', ' -4', ' 1590', ' -1140', ' 846', ' 0', ' 16', ' 11']",pinch2finger,False
13:05:36.894469,"['-1264', ' -899', ' 1387', ' 5', ' 12', ' 9', ' -1390', ' -1154', ' 1028']","[' -6', ' 13', ' -4', ' 1587', ' -1129', ' 849', ' 0', ' 16', ' 11']",pinch2finger,False
13:05:36.897469,"['-1257', ' -906', ' 1385', ' 5', ' 12', ' 9', ' -1385', ' -1138', ' 1035']","[' -4', ' 13', ' -3', ' 1586', ' -1125', ' 839', ' 0', ' 16', ' 11']",pinch2finger,False
13:05:36.900455,"['-1239', ' -881', ' 1375', ' 5', ' 12', ' 9', ' -1392', ' -1133', ' 1059']","[' -4', ' 13', ' -3', ' 1564', ' -1165', ' 844', ' 0', ' 16', ' 11']",pinch2finger,False
13:05:36.903448,"['-1242', ' -896', ' 1384', ' 11', ' 16', ' 12', ' -1406', ' -1139', ' 1043']","[' -4', ' 13', ' -3', ' 1573', ' -1149', ' 852', ' 0', ' 16', ' 11']",pinch2finger,False
13:05:36.906439,"['-1227', ' -910', ' 1382', ' 11', ' 16', ' 12', ' -1391', ' -1143', ' 1046']","[' -4', ' 13', ' -3', ' 1592', ' -1133', ' 841', ' 0', ' 16', ' 11']",pinch2finger,False
13:05:36.909432,"['-1259', ' -898', ' 1376', ' 11', ' 16', ' 12', ' -1386', ' -1130', ' 1036']","[' -4', ' 13', ' -3', ' 1572', ' -1135', ' 846', ' 0', ' 16', ' 11']",pinch2finger,False
13:05:36.912424,"['-1276', ' -876', ' 1366', ' 11', ' 16', ' 12', ' -1412', ' -1118', ' 1036']","[' -4', ' 13', ' -3', ' 1579', ' -1143', ' 850', ' 0', ' 16', ' 11']",pinch2finger,False
13:05:36.915428,"['-1251', ' -889', ' 1385', ' 11', ' 16', ' 12', ' -1397', ' -1114', ' 1042']","[' -4', ' 13', ' -3', ' 1587', ' -1128', ' 838', ' 10', ' 17', ' 8']",pinch2finger,False
13:05:36.918420,"['-1259', ' -900', ' 1408', ' 11', ' 16', ' 12', ' -1395', ' -1135', ' 1047']","[' -4', ' 13', ' -3', ' 1565', ' -1155', ' 851', ' 10', ' 17', ' 8']",pinch2finger,False
13:05:36.921412,"['-1258', ' -887', ' 1381', ' 11', ' 16', ' 12', ' -1380', ' -1130', ' 1045']","[' -4', ' 13', ' -3', ' 1582', ' -1116', ' 844', ' 10', ' 17', ' 8']",pinch2finger,False
13:05:36.924404,"['-1252', ' -906', ' 1372', ' 11', ' 16', ' 12', ' -1397', ' -1135', ' 1040']","[' -4', ' 13', ' -3', ' 1563', ' -1143', ' 853', ' 10', ' 17', ' 8']",pinch2finger,False
13:05:36.927396,"['-1243', ' -901', ' 1391', ' 11', ' 16', ' 12', ' -1373', ' -1135', ' 1058']","[' -4', ' 13', ' -3', ' 1584', ' -1151', ' 844', ' 10', ' 17', ' 8']",pinch2finger,False
13:05:36.930389,"['-1267', ' -909', ' 1379', ' 11', ' 16', ' 12', ' -1401', ' -1136', ' 1016']","[' -4', ' 13', ' -3', ' 1557', ' -1105', ' 854', ' 10', ' 17', ' 8']",pinch2finger,False
13:05:36.933380,"['-1272', ' -898', ' 1381', ' 11', ' 16', ' 12', ' -1389', ' -1115', ' 1041']","[' -4', ' 13', ' -3', ' 1524', ' -1220', ' 861', ' 10', ' 17', ' 8']",pinch2finger,False
13:05:36.936373,"['-1234', ' -889', ' 1396', ' 11', ' 16', ' 12', ' -1383', ' -1128', ' 1033']","[' 0', ' 10', ' -1', ' 1583', ' -1234', ' 855', ' 10', ' 17', ' 8']",pinch2finger,False
13:05:36.939364,"['-1291', ' -898', ' 1364', ' 11', ' 16', ' 12', ' -1397', ' -1132', ' 1028']","[' 0', ' 10', ' -1', ' 1579', ' -1204', ' 843', ' 10', ' 17', ' 8']",pinch2finger,False
13:05:36.942357,"['-1256', ' -857', ' 1365', ' 17', ' 18', ' 14', ' -1392', ' -1118', ' 1037']","[' 0', ' 10', ' -1', ' 1534', ' -1153', ' 856', ' 10', ' 17', ' 8']",pinch2finger,False
13:05:36.945348,"['-1296', ' -878', ' 1373', ' 17', ' 18', ' 14', ' -1388', ' -1129', ' 1048']","[' 0', ' 10', ' -1', ' 1555', ' -1181', ' 830', ' 10', ' 17', ' 8']",pinch2finger,False
13:05:36.948340,"['-1242', ' -917', ' 1381', ' 17', ' 18', ' 14', ' -1397', ' -1150', ' 1034']","[' 0', ' 10', ' -1', ' 1569', ' -1147', ' 848', ' 10', ' 17', ' 8']",pinch2finger,False
13:05:36.951333,"['-1270', ' -887', ' 1379', ' 17', ' 18', ' 14', ' -1393', ' -1143', ' 1042']","[' 0', ' 10', ' -1', ' 1558', ' -1156', ' 850', ' 10', ' 17', ' 8']",pinch2finger,False
13:05:36.954324,"['-1240', ' -870', ' 1378', ' 17', ' 18', ' 14', ' -1408', ' -1136', ' 1045']","[' 0', ' 10', ' -1', ' 1574', ' -1176', ' 834', ' 10', ' 17', ' 8']",pinch2finger,False
13:05:36.957316,"['-1255', ' -888', ' 1374', ' 17', ' 18', ' 14', ' -1367', ' -1138', ' 1059']","[' 0', ' 10', ' -1', ' 1558', ' -1130', ' 850', ' 18', ' 14', ' 3']",pinch2finger,False
13:05:36.960309,"['-1245', ' -906', ' 1391', ' 17', ' 18', ' 14', ' -1378', ' -1128', ' 1048']","[' 0', ' 10', ' -1', ' 1586', ' -1166', ' 850', ' 18', ' 14', ' 3']",pinch2finger,False
13:05:36.963301,"['-1278', ' -928', ' 1382', ' 17', ' 18', ' 14', ' -1373', ' -1134', ' 1031']","[' 0', ' 10', ' -1', ' 1594', ' -1179', ' 847', ' 18', ' 14', ' 3']",pinch2finger,False
13:05:36.966292,"['-1246', ' -877', ' 1391', ' 17', ' 18', ' 14', ' -1383', ' -1140', ' 1034']","[' 0', ' 10', ' -1', ' 1582', ' -1164', ' 841', ' 18', ' 14', ' 3']",pinch2finger,False
13:05:36.969284,"['-1251', ' -892', ' 1409', ' 17', ' 18', ' 14', ' -1408', ' -1122', ' 1038']","[' 0', ' 10', ' -1', ' 1581', ' -1179', ' 821', ' 18', ' 14', ' 3']",pinch2finger,False
13:05:36.972276,"['-1241', ' -872', ' 1378', ' 17', ' 18', ' 14', ' -1375', ' -1145', ' 1031']","[' 0', ' 10', ' -1', ' 1586', ' -1136', ' 842', ' 18', ' 14', ' 3']",pinch2finger,False
13:05:36.975269,"['-1220', ' -887', ' 1388', ' 17', ' 18', ' 14', ' -1376', ' -1120', ' 1038']","[' 0', ' 10', ' -1', ' 1559', ' -1134', ' 859', ' 18', ' 14', ' 3']",pinch2finger,False
13:05:36.978260,"['-1240', ' -904', ' 1383', ' 17', ' 18', ' 14', ' -1390', ' -1129', ' 1051']","[' 3', ' 5', ' -3', ' 1564', ' -1155', ' 847', ' 18', ' 14', ' 3']",pinch2finger,False
13:05:36.981257,"['-1261', ' -902', ' 1380', ' 17', ' 18', ' 14', ' -1383', ' -1122', ' 1042']","[' 3', ' 5', ' -3', ' 1558', ' -1130', ' 847', ' 18', ' 14', ' 3']",pinch2finger,False
13:05:36.984245,"['-1264', ' -887', ' 1388', ' 18', ' 11', ' 11', ' -1408', ' -1117', ' 1033']","[' 3', ' 5', ' -3', ' 1573', ' -1135', ' 855', ' 18', ' 14', ' 3']",pinch2finger,False
13:05:36.987237,"['-1286', ' -883', ' 1383', ' 18', ' 11', ' 11', ' -1418', ' -1115', ' 1037']","[' 3', ' 5', ' -3', ' 1556', ' -1151', ' 851', ' 18', ' 14', ' 3']",pinch2finger,False
13:05:36.990228,"['-1271', ' -907', ' 1387', ' 18', ' 11', ' 11', ' -1397', ' -1120', ' 1023']","[' 3', ' 5', ' -3', ' 1548', ' -1133', ' 866', ' 18', ' 14', ' 3']",pinch2finger,False
13:05:36.993226,"['-1261', ' -890', ' 1363', ' 18', ' 11', ' 11', ' -1392', ' -1116', ' 1061']","[' 3', ' 5', ' -3', ' 1572', ' -1138', ' 852', ' 18', ' 14', ' 3']",pinch2finger,False
13:05:36.996212,"['-1273', ' -885', ' 1382', ' 18', ' 11', ' 11', ' -1394', ' -1121', ' 1032']","[' 3', ' 5', ' -3', ' 1560', ' -1165', ' 862', ' 18', ' 14', ' 3']",pinch2finger,False
13:05:36.999209,"['-1269', ' -890', ' 1389', ' 18', ' 11', ' 11', ' -1402', ' -1136', ' 1054']","[' 3', ' 5', ' -3', ' 1571', ' -1130', ' 848', ' 13', ' 11', ' 3']",pinch2finger,False
13:05:37.002210,"['-1255', ' -895', ' 1381', ' 18', ' 11', ' 11', ' -1396', ' -1112', ' 1045']","[' 3', ' 5', ' -3', ' 1563', ' -1160', ' 833', ' 13', ' 11', ' 3']",pinch2finger,False
13:05:37.005203,"['-1274', ' -894', ' 1388', ' 18', ' 11', ' 11', ' -1396', ' -1123', ' 1031']","[' 3', ' 5', ' -3', ' 1563', ' -1152', ' 862', ' 13', ' 11', ' 3']",pinch2finger,False
13:05:37.008194,"['-1244', ' -891', ' 1388', ' 18', ' 11', ' 11', ' -1387', ' -1123', ' 1048']","[' 3', ' 5', ' -3', ' 1579', ' -1132', ' 846', ' 13', ' 11', ' 3']",pinch2finger,False
13:05:37.011187,"['-1243', ' -863', ' 1397', ' 18', ' 11', ' 11', ' -1402', ' -1139', ' 1052']","[' 3', ' 5', ' -3', ' 1578', ' -1125', ' 849', ' 13', ' 11', ' 3']",pinch2finger,False
13:05:37.013181,"['-1244', ' -868', ' 1380', ' 18', ' 11', ' 11', ' -1391', ' -1115', ' 1032']","[' 3', ' 5', ' -3', ' 1558', ' -1122', ' 849', ' 13', ' 11', ' 3']",pinch2finger,False
13:05:37.016686,"['-1268', ' -893', ' 1384', ' 18', ' 11', ' 11', ' -1366', ' -1113', ' 1028']","[' 3', ' 5', ' -5', ' 1548', ' -1115', ' 842', ' 13', ' 11', ' 3']",pinch2finger,False
13:05:37.019682,"['-1295', ' -877', ' 1374', ' 18', ' 11', ' 11', ' -1407', ' -1114', ' 1011']","[' 3', ' 5', ' -5', ' 1589', ' -1146', ' 865', ' 13', ' 11', ' 3']",pinch2finger,False
13:05:37.022675,"['-1279', ' -857', ' 1362', ' 11', ' 3', ' 6', ' -1432', ' -1133', ' 1029']","[' 3', ' 5', ' -5', ' 1566', ' -1149', ' 865', ' 13', ' 11', ' 3']",pinch2finger,False
13:05:37.025667,"['-1256', ' -887', ' 1380', ' 11', ' 3', ' 6', ' -1406', ' -1113', ' 1023']","[' 3', ' 5', ' -5', ' 1567', ' -1146', ' 841', ' 13', ' 11', ' 3']",pinch2finger,False
13:05:37.028659,"['-1236', ' -903', ' 1391', ' 11', ' 3', ' 6', ' -1383', ' -1136', ' 1028']","[' 3', ' 5', ' -5', ' 1577', ' -1153', ' 862', ' 13', ' 11', ' 3']",pinch2finger,False
13:05:37.031651,"['-1268', ' -910', ' 1390', ' 11', ' 3', ' 6', ' -1367', ' -1133', ' 1038']","[' 3', ' 5', ' -5', ' 1567', ' -1124', ' 837', ' 13', ' 11', ' 3']",pinch2finger,False
13:05:37.034643,"['-1213', ' -915', ' 1402', ' 11', ' 3', ' 6', ' -1377', ' -1131', ' 1031']","[' 3', ' 5', ' -5', ' 1567', ' -1154', ' 824', ' 13', ' 11', ' 3']",pinch2finger,False
13:05:37.037635,"['-1269', ' -909', ' 1353', ' 11', ' 3', ' 6', ' -1385', ' -1141', ' 1027']","[' 3', ' 5', ' -5', ' 1589', ' -1162', ' 836', ' 6', ' 9', ' 4']",pinch2finger,False
13:05:37.040627,"['-1266', ' -883', ' 1356', ' 11', ' 3', ' 6', ' -1411', ' -1116', ' 995']","[' 3', ' 5', ' -5', ' 1547', ' -1145', ' 851', ' 6', ' 9', ' 4']",pinch2finger,False
13:05:37.043619,"['-1274', ' -897', ' 1368', ' 11', ' 3', ' 6', ' -1390', ' -1130', ' 1035']","[' 3', ' 5', ' -5', ' 1564', ' -1159', ' 834', ' 6', ' 9', ' 4']",pinch2finger,False
13:05:37.046611,"['-1300', ' -909', ' 1372', ' 11', ' 3', ' 6', ' -1361', ' -1163', ' 1040']","[' 3', ' 5', ' -5', ' 1575', ' -1158', ' 846', ' 6', ' 9', ' 4']",pinch2finger,False
13:05:37.049603,"['-1241', ' -917', ' 1389', ' 11', ' 3', ' 6', ' -1366', ' -1138', ' 1031']","[' 3', ' 5', ' -5', ' 1583', ' -1134', ' 845', ' 6', ' 9', ' 4']",pinch2finger,False
13:05:37.052595,"['-1229', ' -890', ' 1390', ' 11', ' 3', ' 6', ' -1346', ' -1120', ' 1044']","[' 3', ' 5', ' -5', ' 1587', ' -1098', ' 865', ' 6', ' 9', ' 4']",pinch2finger,False
13:05:37.055587,"['-1154', ' -861', ' 1376', ' 11', ' 3', ' 6', ' -1411', ' -1153', ' 1037']","[' 3', ' 5', ' -5', ' 1565', ' -1193', ' 838', ' 6', ' 9', ' 4']",pinch2finger,False
13:05:37.058578,"['-1242', ' -866', ' 1386', ' 11', ' 3', ' 6', ' -1328', ' -1105', ' 1074']","[' 1', ' 5', ' -8', ' 1576', ' -1184', ' 847', ' 6', ' 9', ' 4']",pinch2finger,False
13:05:37.061571,"['-1290', ' -993', ' 1381', ' 11', ' 3', ' 6', ' -1368', ' -1098', ' 1062']","[' 1', ' 5', ' -8', ' 1593', ' -1165', ' 837', ' 6', ' 9', ' 4']",pinch2finger,False
13:05:37.064563,"['-1308', ' -968', ' 1349', ' 0', ' -2', ' 0', ' -1465', ' -1125', ' 1036']","[' 1', ' 5', ' -8', ' 1595', ' -1126', ' 851', ' 6', ' 9', ' 4']",pinch2finger,False
13:05:37.067554,"['-1223', ' -887', ' 1398', ' 0', ' -2', ' 0', ' -1417', ' -1137', ' 1040']","[' 1', ' 5', ' -8', ' 1595', ' -1131', ' 822', ' 6', ' 9', ' 4']",pinch2finger,False
13:05:37.070547,"['-1263', ' -851', ' 1405', ' 0', ' -2', ' 0', ' -1361', ' -1142', ' 1067']","[' 1', ' 5', ' -8', ' 1548', ' -1143', ' 862', ' 6', ' 9', ' 4']",pinch2finger,False
13:05:37.073539,"['-1278', ' -865', ' 1376', ' 0', ' -2', ' 0', ' -1361', ' -1117', ' 1063']","[' 1', ' 5', ' -8', ' 1561', ' -1141', ' 843', ' 6', ' 9', ' 4']",pinch2finger,False
13:05:37.076538,"['-1257', ' -859', ' 1390', ' 0', ' -2', ' 0', ' -1444', ' -1155', ' 1020']","[' 1', ' 5', ' -8', ' 1632', ' -1074', ' 839', ' 6', ' 9', ' 4']",pinch2finger,False
13:05:37.079536,"['-1139', ' -843', ' 1427', ' 0', ' -2', ' 0', ' -1372', ' -1117', ' 1065']","[' 1', ' 5', ' -8', ' 1529', ' -1286', ' 887', ' 4', ' 2', ' 2']",pinch2finger,False
13:05:37.082510,"['-1418', ' -867', ' 1339', ' 0', ' -2', ' 0', ' -1529', ' -1067', ' 1002']","[' 1', ' 5', ' -8', ' 1454', ' -1308', ' 900', ' 4', ' 2', ' 2']",pinch2finger,False
13:05:37.085502,"['-1377', ' -980', ' 1367', ' 0', ' -2', ' 0', ' -1353', ' -1125', ' 1050']","[' 1', ' 5', ' -8', ' 1638', ' -1132', ' 841', ' 4', ' 2', ' 2']",pinch2finger,False
13:05:37.088494,"['-1134', ' -909', ' 1472', ' 0', ' -2', ' 0', ' -1253', ' -1172', ' 1086']","[' 1', ' 5', ' -8', ' 1674', ' -1081', ' 790', ' 4', ' 2', ' 2']",pinch2finger,False
13:05:37.091486,"['-1175', ' -870', ' 1387', ' 0', ' -2', ' 0', ' -1366', ' -1106', ' 1043']","[' 1', ' 5', ' -8', ' 1589', ' -1151', ' 865', ' 4', ' 2', ' 2']",pinch2finger,False
13:05:37.094478,"['-1186', ' -936', ' 1370', ' 0', ' -2', ' 0', ' -1395', ' -1136', ' 1038']","[' 1', ' 5', ' -8', ' 1615', ' -1143', ' 836', ' 4', ' 2', ' 2']",pinch2finger,False
13:05:37.097470,"['-1210', ' -913', ' 1427', ' 0', ' -2', ' 0', ' -1371', ' -1140', ' 1046']","[' -2', ' 4', ' -11', ' 1550', ' -1145', ' 854', ' 4', ' 2', ' 2']",pinch2finger,False
13:05:37.100485,"['-1304', ' -870', ' 1365', ' 0', ' -2', ' 0', ' -1325', ' -1155', ' 1048']","[' -2', ' 4', ' -11', ' 1543', ' -1137', ' 865', ' 4', ' 2', ' 2']",pinch2finger,False
13:05:37.103477,"['-1369', ' -877', ' 1348', ' -13', ' -6', ' -5', ' -1401', ' -1085', ' 1022']","[' -2', ' 4', ' -11', ' 1547', ' -1175', ' 854', ' 4', ' 2', ' 2']",pinch2finger,False
13:05:37.106469,"['-1206', ' -911', ' 1394', ' -13', ' -6', ' -5', ' -1391', ' -1128', ' 1047']","[' -2', ' 4', ' -11', ' 1561', ' -1157', ' 848', ' 4', ' 2', ' 2']",pinch2finger,False
13:05:37.109461,"['-1214', ' -847', ' 1351', ' -13', ' -6', ' -5', ' -1383', ' -1126', ' 1039']","[' -2', ' 4', ' -11', ' 1572', ' -1122', ' 851', ' 4', ' 2', ' 2']",pinch2finger,False
13:05:37.112455,"['-1268', ' -904', ' 1375', ' -13', ' -6', ' -5', ' -1432', ' -1138', ' 1012']","[' -2', ' 4', ' -11', ' 1589', ' -1133', ' 845', ' 4', ' 2', ' 2']",pinch2finger,False
13:05:37.115970,"['-1288', ' -928', ' 1408', ' -13', ' -6', ' -5', ' -1354', ' -1122', ' 1037']","[' -2', ' 4', ' -11', ' 1582', ' -1122', ' 835', ' 4', ' 2', ' 2']",pinch2finger,False
13:05:37.118957,"['-1316', ' -896', ' 1380', ' -13', ' -6', ' -5', ' -1402', ' -1131', ' 1050']","[' -2', ' 4', ' -11', ' 1607', ' -1157', ' 845', ' 5', ' -2', ' -1']",pinch2finger,False
13:05:37.121948,"['-1223', ' -881', ' 1376', ' -13', ' -6', ' -5', ' -1417', ' -1115', ' 1008']","[' -2', ' 4', ' -11', ' 1535', ' -1158', ' 874', ' 5', ' -2', ' -1']",pinch2finger,False
13:05:37.124945,"['-1224', ' -887', ' 1387', ' -13', ' -6', ' -5', ' -1380', ' -1160', ' 1041']","[' -2', ' 4', ' -11', ' 1538', ' -1165', ' 879', ' 5', ' -2', ' -1']",pinch2finger,False
13:05:37.127938,"['-1251', ' -908', ' 1388', ' -13', ' -6', ' -5', ' -1369', ' -1124', ' 1034']","[' -2', ' 4', ' -11', ' 1505', ' -1172', ' 871', ' 5', ' -2', ' -1']",pinch2finger,False
13:05:37.130925,"['-1261', ' -918', ' 1404', ' -13', ' -6', ' -5', ' -1395', ' -1125', ' 1041']","[' -2', ' 4', ' -11', ' 1574', ' -1161', ' 859', ' 5', ' -2', ' -1']",pinch2finger,False
13:05:37.133916,"['-1301', ' -902', ' 1360', ' -13', ' -6', ' -5', ' -1406', ' -1127', ' 1036']","[' -2', ' 4', ' -11', ' 1615', ' -1118', ' 836', ' 5', ' -2', ' -1']",pinch2finger,False
13:05:37.136913,"['-1266', ' -885', ' 1378', ' -13', ' -6', ' -5', ' -1430', ' -1115', ' 1021']","[' -6', ' 7', ' -8', ' 1562', ' -1134', ' 853', ' 5', ' -2', ' -1']",pinch2finger,False
13:05:37.140479,"['-1268', ' -881', ' 1359', ' -13', ' -6', ' -5', ' -1404', ' -1124', ' 1037']","[' -6', ' 7', ' -8', ' 1532', ' -1168', ' 864', ' 5', ' -2', ' -1']",pinch2finger,False
13:05:37.142920,"['-1266', ' -888', ' 1352', ' -17', ' -3', ' -3', ' -1418', ' -1113', ' 1017']","[' -6', ' 7', ' -8', ' 1538', ' -1157', ' 846', ' 5', ' -2', ' -1']",pinch2finger,False
13:05:37.145914,"['-1291', ' -902', ' 1392', ' -17', ' -3', ' -3', ' -1417', ' -1127', ' 1014']","[' -6', ' 7', ' -8', ' 1591', ' -1159', ' 842', ' 5', ' -2', ' -1']",pinch2finger,False
13:05:37.148907,"['-1274', ' -894', ' 1385', ' -17', ' -3', ' -3', ' -1435', ' -1128', ' 1012']","[' -6', ' 7', ' -8', ' 1575', ' -1151', ' 844', ' 5', ' -2', ' -1']",pinch2finger,False
13:05:37.151898,"['-1280', ' -877', ' 1366', ' -17', ' -3', ' -3', ' -1405', ' -1133', ' 1022']","[' -6', ' 7', ' -8', ' 1558', ' -1150', ' 863', ' 5', ' -2', ' -1']",pinch2finger,False
13:05:37.154890,"['-1246', ' -897', ' 1366', ' -17', ' -3', ' -3', ' -1373', ' -1127', ' 1044']","[' -6', ' 7', ' -8', ' 1547', ' -1155', ' 873', ' 5', ' -2', ' -1']",pinch2finger,False
13:05:37.157883,"['-1251', ' -898', ' 1375', ' -17', ' -3', ' -3', ' -1395', ' -1124', ' 1024']","[' -6', ' 7', ' -8', ' 1564', ' -1155', ' 851', ' 3', ' 4', ' 1']",pinch2finger,False
13:05:37.160875,"['-1296', ' -899', ' 1392', ' -17', ' -3', ' -3', ' -1401', ' -1141', ' 1050']","[' -6', ' 7', ' -8', ' 1609', ' -1127', ' 825', ' 3', ' 4', ' 1']",pinch2finger,False
13:05:37.164864,"['-1277', ' -889', ' 1391', ' -17', ' -3', ' -3', ' -1413', ' -1131', ' 1026']","[' -6', ' 7', ' -8', ' 1589', ' -1134', ' 836', ' 3', ' 4', ' 1']",pinch2finger,False
13:05:37.166858,"['-1269', ' -896', ' 1381', ' -17', ' -3', ' -3', ' -1409', ' -1127', ' 1023']","[' -6', ' 7', ' -8', ' 1579', ' -1125', ' 840', ' 3', ' 4', ' 1']",pinch2finger,False
13:05:37.169851,"['-1232', ' -889', ' 1381', ' -17', ' -3', ' -3', ' -1394', ' -1129', ' 1032']","[' -6', ' 7', ' -8', ' 1577', ' -1141', ' 856', ' 3', ' 4', ' 1']",pinch2finger,False
13:05:37.172842,"['-1230', ' -893', ' 1368', ' -17', ' -3', ' -3', ' -1402', ' -1118', ' 1041']","[' -6', ' 7', ' -8', ' 1580', ' -1134', ' 835', ' 3', ' 4', ' 1']",pinch2finger,False
13:05:37.176832,"['-1232', ' -904', ' 1386', ' -17', ' -3', ' -3', ' -1371', ' -1133', ' 1026']","[' -6', ' 7', ' -8', ' 1579', ' -1138', ' 864', ' 3', ' 4', ' 1']",pinch2finger,False
13:05:37.178826,"['-1248', ' -899', ' 1379', ' -17', ' -3', ' -3', ' -1380', ' -1132', ' 1041']","[' -11', ' 14', ' -3', ' 1571', ' -1147', ' 859', ' 3', ' 4', ' 1']",pinch2finger,False
13:05:37.181818,"['-1275', ' -897', ' 1378', ' -17', ' -3', ' -3', ' -1374', ' -1133', ' 1035']","[' -11', ' 14', ' -3', ' 1566', ' -1143', ' 839', ' 3', ' 4', ' 1']",pinch2finger,False
13:05:37.184811,"['-1275', ' -889', ' 1373', ' -16', ' 4', ' 0', ' -1401', ' -1127', ' 1037']","[' -11', ' 14', ' -3', ' 1589', ' -1120', ' 851', ' 3', ' 4', ' 1']",pinch2finger,False
13:05:37.187803,"['-1259', ' -889', ' 1368', ' -16', ' 4', ' 0', ' -1400', ' -1142', ' 1024']","[' -11', ' 14', ' -3', ' 1600', ' -1129', ' 839', ' 3', ' 4', ' 1']",pinch2finger,False
13:05:37.190794,"['-1261', ' -888', ' 1373', ' -16', ' 4', ' 0', ' -1402', ' -1137', ' 1045']","[' -11', ' 14', ' -3', ' 1604', ' -1132', ' 843', ' 3', ' 4', ' 1']",pinch2finger,False
13:05:37.193787,"['-1253', ' -896', ' 1375', ' -16', ' 4', ' 0', ' -1371', ' -1122', ' 1029']","[' -11', ' 14', ' -3', ' 1573', ' -1145', ' 847', ' 3', ' 4', ' 1']",pinch2finger,False
13:05:37.196778,"['-1248', ' -892', ' 1397', ' -16', ' 4', ' 0', ' -1381', ' -1135', ' 1025']","[' -11', ' 14', ' -3', ' 1584', ' -1140', ' 861', ' 3', ' 4', ' 1']",pinch2finger,False
13:05:37.199771,"['-1236', ' -909', ' 1383', ' -16', ' 4', ' 0', ' -1376', ' -1131', ' 1045']","[' -11', ' 14', ' -3', ' 1558', ' -1157', ' 838', ' 3', ' 6', ' 3']",pinch2finger,False
13:05:37.202765,"['-1243', ' -922', ' 1378', ' -16', ' 4', ' 0', ' -1387', ' -1136', ' 1025']","[' -11', ' 14', ' -3', ' 1560', ' -1162', ' 850', ' 3', ' 6', ' 3']",pinch2finger,False
13:05:37.205756,"['-1276', ' -896', ' 1377', ' -16', ' 4', ' 0', ' -1369', ' -1139', ' 1030']","[' -11', ' 14', ' -3', ' 1554', ' -1138', ' 848', ' 3', ' 6', ' 3']",pinch2finger,False
13:05:37.208749,"['-1238', ' -904', ' 1393', ' -16', ' 4', ' 0', ' -1341', ' -1140', ' 1048']","[' -11', ' 14', ' -3', ' 1593', ' -1172', ' 849', ' 3', ' 6', ' 3']",pinch2finger,False
13:05:37.211741,"['-1296', ' -913', ' 1341', ' -16', ' 4', ' 0', ' -1428', ' -1119', ' 1021']","[' -11', ' 14', ' -3', ' 1506', ' -1204', ' 868', ' 3', ' 6', ' 3']",pinch2finger,False
13:05:37.215246,"['-1401', ' -898', ' 1329', ' -16', ' 4', ' 0', ' -1467', ' -1150', ' 995']","[' -11', ' 14', ' -3', ' 1536', ' -1168', ' 882', ' 3', ' 6', ' 3']",pinch2finger,False
13:05:37.218249,"['-1257', ' -900', ' 1418', ' -16', ' 4', ' 0', ' -1378', ' -1140', ' 1031']","[' -11', ' 11', ' -4', ' 1586', ' -1106', ' 838', ' 3', ' 6', ' 3']",pinch2finger,False
13:05:37.221239,"['-1184', ' -911', ' 1432', ' -16', ' 4', ' 0', ' -1353', ' -1123', ' 1042']","[' -11', ' 11', ' -4', ' 1626', ' -1077', ' 832', ' 3', ' 6', ' 3']",pinch2finger,False
13:05:37.224231,"['-1193', ' -891', ' 1366', ' -14', ' -2', ' -2', ' -1373', ' -1123', ' 1041']","[' -11', ' 11', ' -4', ' 1616', ' -1119', ' 851', ' 3', ' 6', ' 3']",pinch2finger,False
13:05:37.227223,"['-1181', ' -932', ' 1394', ' -14', ' -2', ' -2', ' -1379', ' -1139', ' 1035']","[' -11', ' 11', ' -4', ' 1573', ' -1149', ' 860', ' 3', ' 6', ' 3']",pinch2finger,False
13:05:37.230215,"['-1252', ' -914', ' 1389', ' -14', ' -2', ' -2', ' -1368', ' -1162', ' 1034']","[' -11', ' 11', ' -4', ' 1534', ' -1163', ' 856', ' 3', ' 6', ' 3']",pinch2finger,False
13:05:37.233208,"['-1334', ' -883', ' 1364', ' -14', ' -2', ' -2', ' -1396', ' -1111', ' 1029']","[' -11', ' 11', ' -4', ' 1544', ' -1173', ' 861', ' 3', ' 6', ' 3']",pinch2finger,False
13:05:37.236200,"['-1251', ' -886', ' 1369', ' -14', ' -2', ' -2', ' -1396', ' -1116', ' 1047']","[' -11', ' 11', ' -4', ' 1581', ' -1166', ' 855', ' 3', ' 6', ' 3']",pinch2finger,False
13:05:37.239191,"['-1228', ' -883', ' 1367', ' -14', ' -2', ' -2', ' -1370', ' -1146', ' 1034']","[' -11', ' 11', ' -4', ' 1578', ' -1134', ' 841', ' 8', ' -1', ' -1']",pinch2finger,False
13:05:37.242183,"['-1269', ' -898', ' 1362', ' -14', ' -2', ' -2', ' -1411', ' -1141', ' 1012']","[' -11', ' 11', ' -4', ' 1586', ' -1132', ' 839', ' 8', ' -1', ' -1']",pinch2finger,False
13:05:37.245175,"['-1296', ' -901', ' 1367', ' -14', ' -2', ' -2', ' -1407', ' -1145', ' 1014']","[' -11', ' 11', ' -4', ' 1604', ' -1114', ' 839', ' 8', ' -1', ' -1']",pinch2finger,False
13:05:37.248167,"['-1280', ' -935', ' 1407', ' -14', ' -2', ' -2', ' -1400', ' -1137', ' 1028']","[' -11', ' 11', ' -4', ' 1624', ' -1129', ' 840', ' 8', ' -1', ' -1']",pinch2finger,False
13:05:37.251158,"['-1251', ' -884', ' 1379', ' -14', ' -2', ' -2', ' -1380', ' -1120', ' 1055']","[' -11', ' 11', ' -4', ' 1577', ' -1150', ' 842', ' 8', ' -1', ' -1']",pinch2finger,False
13:05:37.254151,"['-1221', ' -880', ' 1377', ' -14', ' -2', ' -2', ' -1391', ' -1138', ' 1046']","[' -11', ' 11', ' -4', ' 1546', ' -1161', ' 855', ' 8', ' -1', ' -1']",pinch2finger,False
13:05:37.257143,"['-1233', ' -903', ' 1379', ' -14', ' -2', ' -2', ' -1381', ' -1129', ' 1061']","[' -11', ' 11', ' -4', ' 1514', ' -1162', ' 865', ' 8', ' -1', ' -1']",pinch2finger,False
13:05:37.260135,"['-1266', ' -921', ' 1394', ' -14', ' -2', ' -2', ' -1402', ' -1131', ' 1040']","[' -7', ' 3', ' -8', ' 1550', ' -1163', ' 849', ' 8', ' -1', ' -1']",pinch2finger,False
13:05:37.263122,"['-1292', ' -910', ' 1384', ' -9', ' -10', ' -5', ' -1405', ' -1136', ' 1017']","[' -7', ' 3', ' -8', ' 1628', ' -1152', ' 852', ' 8', ' -1', ' -1']",pinch2finger,False
13:05:37.266114,"['-1292', ' -888', ' 1371', ' -9', ' -10', ' -5', ' -1402', ' -1137', ' 1034']","[' -7', ' 3', ' -8', ' 1601', ' -1112', ' 833', ' 8', ' -1', ' -1']",pinch2finger,False
13:05:37.269106,"['-1258', ' -876', ' 1374', ' -9', ' -10', ' -5', ' -1469', ' -1125', ' 1027']","[' -7', ' 3', ' -8', ' 1569', ' -1145', ' 850', ' 8', ' -1', ' -1']",pinch2finger,False
13:05:37.272098,"['-1249', ' -893', ' 1383', ' -9', ' -10', ' -5', ' -1366', ' -1093', ' 1064']","[' -7', ' 3', ' -8', ' 1564', ' -1144', ' 851', ' 8', ' -1', ' -1']",pinch2finger,False
13:05:37.275090,"['-1243', ' -871', ' 1388', ' -9', ' -10', ' -5', ' -1346', ' -1153', ' 1047']","[' -7', ' 3', ' -8', ' 1597', ' -1141', ' 841', ' 8', ' -1', ' -1']",pinch2finger,False
13:05:37.278082,"['-1238', ' -898', ' 1406', ' -9', ' -10', ' -5', ' -1413', ' -1135', ' 1025']","[' -7', ' 3', ' -8', ' 1609', ' -1135', ' 849', ' 8', ' -1', ' -1']",pinch2finger,False
13:05:37.281074,"['-1251', ' -900', ' 1368', ' -9', ' -10', ' -5', ' -1394', ' -1119', ' 1029']","[' -7', ' 3', ' -8', ' 1583', ' -1140', ' 856', ' 8', ' -1', ' -3']",pinch2finger,False
13:05:37.284066,"['-1238', ' -891', ' 1388', ' -9', ' -10', ' -5', ' -1393', ' -1121', ' 1032']","[' -7', ' 3', ' -8', ' 1554', ' -1155', ' 868', ' 8', ' -1', ' -3']",pinch2finger,False
13:05:37.288055,"['-1251', ' -887', ' 1396', ' -9', ' -10', ' -5', ' -1386', ' -1131', ' 1026']","[' -7', ' 3', ' -8', ' 1566', ' -1126', ' 861', ' 8', ' -1', ' -3']",pinch2finger,False
13:05:37.291047,"['-1287', ' -891', ' 1373', ' -9', ' -10', ' -5', ' -1403', ' -1121', ' 1047']","[' -7', ' 3', ' -8', ' 1595', ' -1129', ' 851', ' 8', ' -1', ' -3']",pinch2finger,False
13:05:37.294039,"['-1288', ' -892', ' 1362', ' -9', ' -10', ' -5', ' -1413', ' -1125', ' 1028']","[' -7', ' 3', ' -8', ' 1589', ' -1124', ' 850', ' 8', ' -1', ' -3']",pinch2finger,False
13:05:37.296034,"['-1289', ' -884', ' 1367', ' -9', ' -10', ' -5', ' -1403', ' -1135', ' 1050']","[' -7', ' 3', ' -8', ' 1593', ' -1139', ' 835', ' 8', ' -1', ' -3']",pinch2finger,False
13:05:37.299026,"['-1252', ' -879', ' 1369', ' -9', ' -10', ' -5', ' -1397', ' -1133', ' 1036']","[' -4', ' 1', ' -7', ' 1583', ' -1143', ' 849', ' 8', ' -1', ' -3']",pinch2finger,False
13:05:37.303017,"['-1260', ' -906', ' 1368', ' -9', ' -10', ' -5', ' -1409', ' -1134', ' 1023']","[' -4', ' 1', ' -7', ' 1566', ' -1158', ' 876', ' 8', ' -1', ' -3']",pinch2finger,False
13:05:37.306009,"['-1244', ' -902', ' 1385', ' -8', ' -11', ' -6', ' -1382', ' -1119', ' 1035']","[' -4', ' 1', ' -7', ' 1555', ' -1152', ' 860', ' 8', ' -1', ' -3']",pinch2finger,False
13:05:37.309001,"['-1259', ' -904', ' 1379', ' -8', ' -11', ' -6', ' -1387', ' -1152', ' 1018']","[' -4', ' 1', ' -7', ' 1559', ' -1156', ' 857', ' 8', ' -1', ' -3']",pinch2finger,False
13:05:37.311993,"['-1255', ' -885', ' 1371', ' -8', ' -11', ' -6', ' -1389', ' -1127', ' 1040']","[' -4', ' 1', ' -7', ' 1578', ' -1171', ' 860', ' 8', ' -1', ' -3']",pinch2finger,False
13:05:37.313987,"['-1240', ' -901', ' 1360', ' -8', ' -11', ' -6', ' -1396', ' -1130', ' 1033']","[' -4', ' 1', ' -7', ' 1548', ' -1142', ' 849', ' 8', ' -1', ' -3']",pinch2finger,False
13:05:37.317492,"['-1263', ' -894', ' 1368', ' -8', ' -11', ' -6', ' -1420', ' -1130', ' 1018']","[' -4', ' 1', ' -7', ' 1582', ' -1140', ' 835', ' 8', ' -1', ' -3']",pinch2finger,False
13:05:37.320484,"['-1273', ' -912', ' 1361', ' -8', ' -11', ' -6', ' -1400', ' -1153', ' 1012']","[' -4', ' 1', ' -7', ' 1581', ' -1134', ' 860', ' 3', ' 1', ' 0']",pinch2finger,False
13:05:37.323476,"['-1277', ' -889', ' 1371', ' -8', ' -11', ' -6', ' -1406', ' -1125', ' 1040']","[' -4', ' 1', ' -7', ' 1579', ' -1146', ' 853', ' 3', ' 1', ' 0']",pinch2finger,False
13:05:37.326468,"['-1266', ' -906', ' 1378', ' -8', ' -11', ' -6', ' -1414', ' -1136', ' 1019']","[' -4', ' 1', ' -7', ' 1585', ' -1132', ' 848', ' 3', ' 1', ' 0']",pinch2finger,False
13:05:37.329460,"['-1255', ' -921', ' 1381', ' -8', ' -11', ' -6', ' -1404', ' -1138', ' 1027']","[' -4', ' 1', ' -7', ' 1572', ' -1146', ' 849', ' 3', ' 1', ' 0']",pinch2finger,False
13:05:37.332452,"['-1284', ' -979', ' 1360', ' -8', ' -11', ' -6', ' -1389', ' -1140', ' 1018']","[' -4', ' 1', ' -7', ' 1548', ' -1157', ' 840', ' 3', ' 1', ' 0']",pinch2finger,False
13:05:37.335444,"['-1247', ' -867', ' 1360', ' -8', ' -11', ' -6', ' -1354', ' -1135', ' 1038']","[' -4', ' 1', ' -7', ' 1556', ' -1155', ' 848', ' 3', ' 1', ' 0']",pinch2finger,False
13:05:37.338436,"['-1249', ' -796', ' 1374', ' -8', ' -11', ' -6', ' -1390', ' -1134', ' 1014']","[' -4', ' 5', ' -6', ' 1543', ' -1151', ' 856', ' 3', ' 1', ' 0']",pinch2finger,False
13:05:37.341427,"['-1260', ' -886', ' 1385', ' -8', ' -11', ' -6', ' -1426', ' -1137', ' 1029']","[' -4', ' 5', ' -6', ' 1586', ' -1135', ' 835', ' 3', ' 1', ' 0']",pinch2finger,False
13:05:37.344420,"['-1290', ' -939', ' 1377', ' -12', ' -10', ' -6', ' -1408', ' -1130', ' 1026']","[' -4', ' 5', ' -6', ' 1587', ' -1134', ' 856', ' 3', ' 1', ' 0']",pinch2finger,False
13:05:37.347412,"['-1282', ' -906', ' 1359', ' -12', ' -10', ' -6', ' -1430', ' -1124', ' 1024']","[' -4', ' 5', ' -6', ' 1565', ' -1120', ' 844', ' 3', ' 1', ' 0']",pinch2finger,False
13:05:37.350404,"['-1219', ' -858', ' 1376', ' -12', ' -10', ' -6', ' -1384', ' -1132', ' 1043']","[' -4', ' 5', ' -6', ' 1590', ' -1145', ' 836', ' 3', ' 1', ' 0']",pinch2finger,False
13:05:37.354393,"['-1254', ' -935', ' 1388', ' -12', ' -10', ' -6', ' -1384', ' -1139', ' 1043']","[' -4', ' 5', ' -6', ' 1582', ' -1108', ' 844', ' 3', ' 1', ' 0']",pinch2finger,False
13:05:37.357385,"['-1288', ' -945', ' 1400', ' -12', ' -10', ' -6', ' -1335', ' -1141', ' 1056']","[' -4', ' 5', ' -6', ' 1560', ' -1145', ' 857', ' 3', ' 1', ' 0']",pinch2finger,False
13:05:37.360377,"['-1261', ' -993', ' 1429', ' -12', ' -10', ' -6', ' -1382', ' -1137', ' 1053']","[' -4', ' 5', ' -6', ' 1631', ' -1151', ' 841', ' -2', ' -3', ' 1']",pinch2finger,False
13:05:37.363369,"['-1283', ' -899', ' 1390', ' -12', ' -10', ' -6', ' -1414', ' -1121', ' 1027']","[' -4', ' 5', ' -6', ' 1705', ' -1059', ' 781', ' -2', ' -3', ' 1']",pinch2finger,False
13:05:37.366361,"['-1162', ' -711', ' 1354', ' -12', ' -10', ' -6', ' -1421', ' -1088', ' 1044']","[' -4', ' 5', ' -6', ' 1516', ' -1175', ' 848', ' -2', ' -3', ' 1']",pinch2finger,False
13:05:37.369353,"['-1071', ' -832', ' 1430', ' -12', ' -10', ' -6', ' -1298', ' -1136', ' 1094']","[' -4', ' 5', ' -6', ' 1505', ' -1148', ' 877', ' -2', ' -3', ' 1']",pinch2finger,False
13:05:37.372367,"['-1199', ' -920', ' 1482', ' -12', ' -10', ' -6', ' -1285', ' -1214', ' 1061']","[' -4', ' 5', ' -6', ' 1554', ' -1047', ' 879', ' -2', ' -3', ' 1']",pinch2finger,False
13:05:37.375337,"['-1401', ' -962', ' 1362', ' -12', ' -10', ' -6', ' -1422', ' -1146', ' 1017']","[' -4', ' 5', ' -6', ' 1645', ' -1138', ' 814', ' -2', ' -3', ' 1']",pinch2finger,False
13:05:37.378328,"['-1317', ' -928', ' 1323', ' -12', ' -10', ' -6', ' -1548', ' -1071', ' 991']","[' -2', ' 1', ' -13', ' 1699', ' -1013', ' 786', ' -2', ' -3', ' 1']",pinch2finger,False
13:05:37.381326,"['-1208', ' -876', ' 1401', ' -12', ' -10', ' -6', ' -1430', ' -1132', ' 1035']","[' -2', ' 1', ' -13', ' 1550', ' -1122', ' 848', ' -2', ' -3', ' 1']",pinch2finger,False
13:05:37.384320,"['-1274', ' -856', ' 1412', ' -17', ' -22', ' -15', ' -1342', ' -1121', ' 1059']","[' -2', ' 1', ' -13', ' 1509', ' -1203', ' 863', ' -2', ' -3', ' 1']",pinch2finger,False
13:05:37.387305,"['-1317', ' -843', ' 1346', ' -17', ' -22', ' -15', ' -1326', ' -1131', ' 1027']","[' -2', ' 1', ' -13', ' 1500', ' -1185', ' 861', ' -2', ' -3', ' 1']",pinch2finger,False
13:05:37.390296,"['-1267', ' -975', ' 1334', ' -17', ' -22', ' -15', ' -1401', ' -1131', ' 1030']","[' -2', ' 1', ' -13', ' 1588', ' -1148', ' 844', ' -2', ' -3', ' 1']",pinch2finger,False
13:05:37.393293,"['-1203', ' -888', ' 1399', ' -17', ' -22', ' -15', ' -1440', ' -1099', ' 1011']","[' -2', ' 1', ' -13', ' 1715', ' -1116', ' 788', ' -2', ' -3', ' 1']",pinch2finger,False
13:05:37.396281,"['-1098', ' -849', ' 1415', ' -17', ' -22', ' -15', ' -1327', ' -1237', ' 1056']","[' -2', ' 1', ' -13', ' 1639', ' -1201', ' 813', ' -2', ' -3', ' 1']",pinch2finger,False
13:05:37.399273,"['-1042', ' -1322', ' 1494', ' -17', ' -22', ' -15', ' -1121', ' -1130', ' 1109']","[' -2', ' 1', ' -13', ' 1559', ' -1016', ' 879', ' -2', ' -3', ' 1']",pinch2finger,False
13:05:37.402272,"['-876', ' -722', ' 1460', ' -17', ' -22', ' -15', ' -1253', ' -833', ' 1110']","[' -2', ' 1', ' -13', ' 1403', ' -1318', ' 875', ' -9', ' -15', ' -6']",pinch2finger,False
13:05:37.405264,"['-1193', ' -1084', ' 1343', ' -17', ' -22', ' -15', ' -1244', ' -1288', ' 1035']","[' -2', ' 1', ' -13', ' 1411', ' -1449', ' 861', ' -9', ' -15', ' -6']",pinch2finger,False
13:05:37.408251,"['-1945', ' -1182', ' 1257', ' -17', ' -22', ' -15', ' -1787', ' -897', ' 917']","[' -2', ' 1', ' -13', ' 1843', ' -1174', ' 763', ' -9', ' -15', ' -6']",pinch2finger,False
13:05:37.411244,"['-1636', ' -423', ' 1238', ' -17', ' -22', ' -15', ' -1860', ' -987', ' 841']","[' -2', ' 1', ' -13', ' 1683', ' -1140', ' 802', ' -9', ' -15', ' -6']",pinch2finger,False
13:05:37.414235,"['-1009', ' -816', ' 1444', ' -17', ' -22', ' -15', ' -1089', ' -1057', ' 1184']","[' -2', ' 1', ' -13', ' 1493', ' -1047', ' 888', ' -9', ' -15', ' -6']",pinch2finger,False
13:05:37.417748,"['-607', ' -928', ' 1662', ' -17', ' -22', ' -15', ' -1064', ' -1218', ' 1192']","[' -2', ' 1', ' -13', ' 1281', ' -1068', ' 944', ' -9', ' -15', ' -6']",pinch2finger,False
13:05:37.420743,"['-1205', ' -959', ' 1370', ' -17', ' -22', ' -15', ' -1201', ' -1474', ' 1129']","[' 6', ' -10', ' -22', ' 1454', ' -1272', ' 842', ' -9', ' -15', ' -6']",pinch2finger,False
13:05:37.423734,"['-1222', ' -758', ' 1331', ' -17', ' -22', ' -15', ' -1556', ' -1238', ' 907']","[' 6', ' -10', ' -22', ' 1658', ' -1156', ' 850', ' -9', ' -15', ' -6']",pinch2finger,False
13:05:37.426726,"['-1380', ' -835', ' 1301', ' -13', ' -45', ' -26', ' -1984', ' -1076', ' 875']","[' 6', ' -10', ' -22', ' 1527', ' -1207', ' 906', ' -9', ' -15', ' -6']",pinch2finger,False
13:05:37.429718,"['-1499', ' -797', ' 1227', ' -13', ' -45', ' -26', ' -1855', ' -908', ' 877']","[' 6', ' -10', ' -22', ' 1676', ' -1180', ' 795', ' -9', ' -15', ' -6']",pinch2finger,False
13:05:37.432711,"['-1497', ' -372', ' 1250', ' -13', ' -45', ' -26', ' -1366', ' -1288', ' 1051']","[' 6', ' -10', ' -22', ' 1423', ' -1287', ' 854', ' -9', ' -15', ' -6']",pinch2finger,False
13:05:37.435705,"['-947', ' -1046', ' 1508', ' -13', ' -45', ' -26', ' -979', ' -1139', ' 1243']","[' 6', ' -10', ' -22', ' 1588', ' -1199', ' 810', ' -9', ' -15', ' -6']",pinch2finger,False
13:05:37.438690,"['-849', ' -1190', ' 1595', ' -13', ' -45', ' -26', ' -1331', ' -1234', ' 1061']","[' 6', ' -10', ' -22', ' 1704', ' -1227', ' 808', ' -9', ' -15', ' -6']",pinch2finger,False
13:05:37.441682,"['-1010', ' -850', ' 1399', ' -13', ' -45', ' -26', ' -1439', ' -1177', ' 957']","[' 6', ' -10', ' -22', ' 1889', ' -1173', ' 775', ' -12', ' -22', ' -11']",pinch2finger,False
13:05:37.444674,"['-1221', ' -672', ' 1340', ' -13', ' -45', ' -26', ' -1571', ' -1073', ' 965']","[' 6', ' -10', ' -22', ' 1770', ' -1084', ' 775', ' -12', ' -22', ' -11']",pinch2finger,False
13:05:37.447666,"['-1674', ' -683', ' 1248', ' -13', ' -45', ' -26', ' -1200', ' -1205', ' 1101']","[' 6', ' -10', ' -22', ' 1356', ' -1244', ' 955', ' -12', ' -22', ' -11']",pinch2finger,False
13:05:37.451655,"['-1420', ' -1036', ' 1451', ' -13', ' -45', ' -26', ' -1286', ' -1195', ' 1090']","[' 6', ' -10', ' -22', ' 1288', ' -1312', ' 941', ' -12', ' -22', ' -11']",pinch2finger,False
13:05:37.454647,"['-1106', ' -1095', ' 1553', ' -13', ' -45', ' -26', ' -1342', ' -1241', ' 1004']","[' 6', ' -10', ' -22', ' 1665', ' -1164', ' 796', ' -12', ' -22', ' -11']",pinch2finger,False
13:05:37.457639,"['-704', ' -1116', ' 1475', ' -13', ' -45', ' -26', ' -1272', ' -1057', ' 1079']","[' 6', ' -10', ' -22', ' 1845', ' -1081', ' 730', ' -12', ' -22', ' -11']",pinch2finger,False
13:05:37.460631,"['-1124', ' -898', ' 1331', ' -13', ' -45', ' -26', ' -1370', ' -1154', ' 1050']","[' 13', ' -13', ' -24', ' 1755', ' -1090', ' 776', ' -12', ' -22', ' -11']",pinch2finger,False
13:05:37.463623,"['-1526', ' -832', ' 1253', ' -13', ' -45', ' -26', ' -1293', ' -1206', ' 1050']","[' 13', ' -13', ' -24', ' 1543', ' -1212', ' 878', ' -12', ' -22', ' -11']",pinch2finger,False
13:05:37.466615,"['-1681', ' -789', ' 1316', ' -4', ' -57', ' -29', ' -1601', ' -1057', ' 944']","[' 13', ' -13', ' -24', ' 1361', ' -1275', ' 930', ' -12', ' -22', ' -11']",pinch2finger,False
13:05:37.469607,"['-1370', ' -804', ' 1390', ' -4', ' -57', ' -29', ' -1529', ' -1119', ' 973']","[' 13', ' -13', ' -24', ' 1447', ' -1162', ' 900', ' -12', ' -22', ' -11']",pinch2finger,False
13:05:37.472599,"['-881', ' -938', ' 1466', ' -4', ' -57', ' -29', ' -1393', ' -1117', ' 1058']","[' 13', ' -13', ' -24', ' 1516', ' -1071', ' 854', ' -12', ' -22', ' -11']",pinch2finger,False
13:05:37.475591,"['-954', ' -840', ' 1373', ' -4', ' -57', ' -29', ' -1287', ' -1155', ' 1080']","[' 13', ' -13', ' -24', ' 1605', ' -1037', ' 852', ' -12', ' -22', ' -11']",pinch2finger,False
13:05:37.478596,"['-1498', ' -757', ' 1303', ' -4', ' -57', ' -29', ' -1242', ' -1128', ' 1110']","[' 13', ' -13', ' -24', ' 1643', ' -1095', ' 829', ' -12', ' -22', ' -11']",pinch2finger,False
13:05:37.481576,"['-1608', ' -748', ' 1307', ' -4', ' -57', ' -29', ' -1554', ' -1035', ' 959']","[' 13', ' -13', ' -24', ' 1570', ' -1125', ' 837', ' -9', ' -16', ' -7']",pinch2finger,False
